name	city	value	year	month	day
Taiwan2006	台湾	39	2006	7	23
Taiwan2007	台湾	29	2007	9	23
GuangdongOpen2007	广东	56	2007	10	1
BeijingOpen2007	北京	59	2007	12	15
BeijingSpringOpen2008	北京	54	2008	5	2
TaiwanSummerOpen2008	台湾	71	2008	7	13
HongKongOpen2008	香港	90	2008	7	27
SouthTaiwanSummerOpen2008	台湾	43	2008	8	24
ShanghaiOpen2008	上海	37	2008	8	30
GuangdongOpen2008	广东	149	2008	10	1
BeijingFallOpen2008	北京	79	2008	11	2
NanjingOpen2008	江苏	64	2008	12	14
TaiwanWinterOpen2009	台湾	97	2009	2	8
BeijingSpringOpen2009	北京	103	2009	2	21
ShijiazhuangOpen2009	河北	48	2009	3	15
QingmingFestivalOpen2009	上海	63	2009	4	6
BeijingMetropolisOpen2009	北京	149	2009	5	2
DuanwuFestivalOpen2009	辽宁	119	2009	5	29
TaiwanSpringOpen2009	台湾	79	2009	5	31
XianOpen2009	陕西	90	2009	6	28
HongKongOpen2009	香港	102	2009	7	18
TaipeiPyraminx2009	台湾	21	2009	7	26
TaichungPyraminx2009	台湾	17	2009	7	28
ChiayiPyraminx2009	台湾	12	2009	7	31
ShanghaiWeisuoOpen2009	上海	101	2009	8	9
MacauOpen2009	澳门	35	2009	8	15
BeijingSummerOpen2009	北京	162	2009	8	16
ShenzhenSummerOpen2009	广东	97	2009	8	22
TaiwanSummerOpen2009	台湾	53	2009	8	22
MaruCubeDay2009	台湾	33	2009	9	5
GuangdongOpen2009	广东	162	2009	10	1
HarbinOpen2009	黑龙江	102	2009	11	8
NanjingOpen2009	江苏	94	2009	12	6
BeijingWinter2009	北京	38	2009	12	20
ChangchunOpen2010	吉林	90	2010	1	2
HangzhouOpen2010	浙江	75	2010	1	31
TaiwanWinterOpen2010	台湾	85	2010	2	6
ShanghaiWinter2010	上海	69	2010	2	7
XianSpring2010	陕西	69	2010	4	4
PKUFMC2010	北京	16	2010	4	10
TaiwanSpring2010	台湾	71	2010	4	11
NanjingSpringOpen2010	江苏	93	2010	4	25
HenanOpen2010	河南	90	2010	5	2
BUAAOpen2010	北京	127	2010	5	9
BeijingSideEventsSupplement2010	北京	26	2010	5	23
Taiyuan2010	山西	62	2010	5	30
HongKongCubeDay2010	香港	32	2010	6	5
TaiwanBigCube2010	台湾	28	2010	6	5
GuangzhouBigCubes2010	广东	45	2010	7	11
HunanOpen2010	湖南	45	2010	7	18
InnerMongolia2010	内蒙古	73	2010	7	24
ChangChun2010	吉林	94	2010	8	1
HongKongOpen2010	香港	49	2010	8	7
ShantouOpen2010	广东	64	2010	8	8
ShanghaiOpen2010	上海	90	2010	8	14
BeijingMangshanOpen2010	北京	23	2010	8	28
TaiwanSummer2010	台湾	95	2010	8	28
Shandong2010	山东	43	2010	9	12
XianAutumn2010	陕西	48	2010	9	18
GuangdongOpen2010	广东	102	2010	10	3
GuangzhouSmallCubes2010	广东	46	2010	11	7
WuhanOpen2010	湖北	61	2010	11	14
TianjinOpen2010	天津	84	2010	11	21
BeijingNoCubes2010	北京	34	2010	11	28
NanjingWinter2010	江苏	70	2010	12	5
TaiwanAutumn2010	台湾	38	2010	12	5
ShenyangBoxingDay2010	辽宁	65	2010	12	26
XianWinter2010	陕西	38	2010	12	26
BeijingWinter2011	北京	57	2011	1	15
ChangzhouSpring2011	江苏	40	2011	1	23
TaiwanWinterOpen2011	台湾	69	2011	2	12
XinXiangSpring2011	河南	25	2011	2	13
BeijingFebruary2011	北京	21	2011	2	20
XianSpring2011	陕西	36	2011	3	6
BeijingAfterDark2011	北京	14	2011	3	19
OneToEight2011	广东	59	2011	3	20
TaiwanSpringOpen2011	台湾	50	2011	4	2
ShanghaiSpring2011	上海	17	2011	4	9
XianSummer2011	陕西	32	2011	4	10
BeijingSpring2011	北京	91	2011	4	23
GuangzhouHaizhu2011	广东	30	2011	4	24
FloatingClouds2011	陕西	35	2011	5	1
ShenzhenUniversity2011	广东	47	2011	5	1
NanjingSpring2011	江苏	90	2011	5	14
BeijingFootsteps2011	北京	14	2011	5	15
Taiyuan2011	山西	54	2011	5	21
CubikBoxCup2011	台湾	54	2011	6	4
HenanUniversityOpen2011	河南	31	2011	6	19
YingkouOpen2011	辽宁	28	2011	6	19
CyclopsOpen2011	北京	17	2011	6	25
ZhengzhouOpen2011	河南	12	2011	6	26
HefeiOpen2011	安徽	45	2011	7	16
XiamenOpen2011	福建	67	2011	7	16
BeijingSummer2011	北京	85	2011	7	31
GuangzhouSummerVacation2011	广东	73	2011	7	31
ShandongOpen2011	山东	65	2011	7	31
XiningSummer2011	青海	40	2011	8	6
XianLucky2011	陕西	30	2011	8	14
HangzhouOpen2011	浙江	92	2011	8	20
TaiwanSummer2011	台湾	81	2011	8	21
ShanghaiMeatballFall2011	上海	32	2011	8	27
XianAutumn2011	陕西	41	2011	10	1
GuangzhouCubeDay2011	广东	16	2011	10	2
SuzhouOpen2011	江苏	43	2011	10	3
ShenYangOpen2011	辽宁	154	2011	10	4
TaipeiOpen2011	台湾	65	2011	10	8
NanjingAutumn2011	江苏	39	2011	10	30
ChinaFMBeijing2011	北京	13	2011	11	6
ChinaFMGuangzhou2011	广东	6	2011	11	6
ChinaFMShanghai2011	上海	13	2011	11	6
ChinaFMShenyang2011	辽宁	3	2011	11	6
ChinaFMXian2011	陕西	15	2011	11	6
ChinaFMZhengzhou2011	河南	3	2011	11	6
ZhengzhouAutumn2011	河南	48	2011	11	20
ShanghaiPortOpen2011	上海	37	2011	11	26
ChangshaOpen2011	湖南	41	2011	11	27
GuangzhouWinter2011	广东	42	2011	12	3
HumanRightsDay2011	北京	66	2011	12	10
ShanghaiWinter2011	上海	22	2011	12	24
XianWinter2011	陕西	14	2011	12	24
TianjinOpen2011	天津	42	2011	12	25
XianYangling2012	陕西	20	2012	1	1
HenanCountryside2012	河南	12	2012	1	23
TaiwanWinter2012	台湾	62	2012	2	11
HotSpringFestival2012	北京	12	2012	2	18
HefeiSpring2012	安徽	59	2012	3	10
NanjingSpring2012	江苏	96	2012	3	25
QingmingOpen2012	陕西	40	2012	4	4
ShanghaiDonghua2012	上海	52	2012	4	7
ChangshaSpring2012	湖南	25	2012	4	8
XianCherryBlossom2012	陕西	38	2012	4	15
InnerMongolia2012	内蒙古	40	2012	5	13
ChinaTourismDay2012	北京	43	2012	5	19
TaiyuanOpen2012	山西	54	2012	5	19
GuangzhouSCUT2012	广东	53	2012	5	20
PKUFM2012	北京	12	2012	5	26
GuangzhouSCAU2012	广东	48	2012	5	27
TianjinOpen2012	天津	34	2012	5	27
ShanghaiSummer2012	上海	146	2012	7	21
QingdaoOpen2012	山东	53	2012	7	29
GuiyangOpen2012	贵州	73	2012	8	5
HefeiSummer2012	安徽	49	2012	8	5
BeijingSummer2012	北京	84	2012	8	12
Guangdong2012	广东	79	2012	8	18
QinghaiOpen2012	青海	30	2012	8	19
TaiwanSummer2012	台湾	120	2012	8	25
TibetOpen2012	西藏	17	2012	8	26
HangzhouOpen2012	浙江	43	2012	9	22
AsianChampionship2012	香港	141	2012	10	5
ShandongOpen2012	山东	69	2012	10	14
NanjingAutumn2012	江苏	55	2012	10	27
WuhanOpen2012	湖北	68	2012	11	4
SuzhouOpen2012	江苏	42	2012	11	10
BeijingWinter2012	北京	85	2012	11	24
NanjingWinter2012	江苏	73	2012	11	25
GuangzhouHEMC2012	广东	54	2012	12	9
TianjinWinter2012	天津	56	2012	12	23
XianNewborn2012	陕西	49	2012	12	23
GuangzhouFMC2012	广东	16	2012	12	30
MagicRevenge2012	台湾	50	2012	12	30
GuilinOpen2013	广西	32	2013	1	1
TaiwanWinterOpen2013	台湾	42	2013	3	3
ZhejiangUniversity2013	浙江	79	2013	3	23
MaruCubeDay2013	台湾	41	2013	3	30
NanjingNormalUniversity2013	江苏	97	2013	4	6
WeifangOpen2013	山东	78	2013	4	14
XianCherryBlossom2013	陕西	55	2013	4	14
SMU2013	上海	34	2013	4	20
LanzhouOpen2013	甘肃	41	2013	4	30
ZhengzhouSpringOpen2013	河南	54	2013	4	30
Guangzhou2013	广东	64	2013	5	1
BUAAOpen2013	北京	54	2013	5	12
NUAAOpen2013	江苏	43	2013	5	12
XianSummer2013	陕西	32	2013	5	25
GuangzhouSCAU2013	广东	45	2013	5	26
LuoyangOpen2013	河南	53	2013	6	16
NanningOpen2013	广西	36	2013	7	14
YingkouOpen2013	辽宁	75	2013	7	14
ShantouOpen2013	广东	67	2013	7	19
GuangzhouCCSA2013	广东	116	2013	7	22
HefeiOpen2013	安徽	94	2013	7	27
ShanghaiSummer2013	上海	134	2013	8	3
BeijingSummer2013	北京	72	2013	8	10
ChongqingOpen2013	重庆	69	2013	8	10
WuxiOpen2013	江苏	74	2013	8	17
TaiwanSummer2013	台湾	112	2013	8	17
XiamenOpen2013	福建	76	2013	9	20
GuangdongOpen2013	广东	190	2013	10	1
HebeiUniversity2013	河北	34	2013	10	13
TaiyuanOpen2013	山西	33	2013	10	19
KaohsiungOpen2013	台湾	43	2013	10	26
DalianOpen2013	辽宁	75	2013	10	27
NanchangOpen2013	江西	36	2013	10	27
WenzhouOpen2013	浙江	41	2013	11	3
TUT2013	天津	74	2013	11	17
GuangzhouBigCubes2013	广东	30	2013	12	1
XianWinterOpen2013	陕西	51	2013	12	8
FuZhouOpen2013	福建	72	2013	12	15
BeijingWinterOpen2013	北京	74	2013	12	21
ShenyangOpen2013	辽宁	83	2013	12	29
HsinchuWinter2013	台湾	35	2013	12	29
GuangzhouSmallCubes2014	广东	87	2014	1	12
XiningWinterOpen2014	青海	39	2014	2	16
LanZhouWinter2014	甘肃	17	2014	2	18
KaohsiungWinterOpen2014	台湾	39	2014	2	22
ShanghaiSpring2014	上海	64	2014	3	2
MaruCubeKidsDay2014	台湾	39	2014	4	5
NanjingSpring2014	江苏	73	2014	4	7
ShandongSpringOpen2014	山东	72	2014	4	13
XianCherryBlossom2014	陕西	69	2014	4	13
BeijingSpring2014	北京	23	2014	4	19
CubeSplashing2014	广东	70	2014	4	20
ShanghaiMilanyuanCafe2014	上海	17	2014	4	26
HsinchuSpringOpen2014	台湾	30	2014	4	27
HefeiSpring2014	安徽	85	2014	5	1
ChengduOpen2014	四川	55	2014	5	2
FuzhouOpen2014	福建	44	2014	5	11
GuangzhouWushanOpen2014	广东	41	2014	5	18
ZhejiangUniversityOpen2014	浙江	46	2014	5	24
HarbinOpen2014	黑龙江	96	2014	5	25
ZhengzhouOpen2014	河南	42	2014	5	25
TianjinUniversityOpen2014	天津	51	2014	6	7
MingdaoCubeCarnival2014	台湾	42	2014	6	15
KaohsiungSummerOpen2014	台湾	44	2014	7	5
BeijingSummer2014	北京	93	2014	7	6
SuzhouOpen2014	江苏	153	2014	7	12
HefeiSummerOpen2014	安徽	67	2014	7	13
NantongOpen2014	江苏	77	2014	7	19
HuiZhouOpen2014	广东	62	2014	7	27
TaiwanSummerOpen2014	台湾	79	2014	8	2
ShantouOpen2014	广东	75	2014	8	3
ChongqingOpen2014	重庆	75	2014	8	9
CrossstraitCubing2014	福建	119	2014	8	9
BeijingAutumnOpen2014	北京	37	2014	9	13
MasterChallenge2014	台湾	32	2014	9	28
GuangdongOpen2014	广东	236	2014	10	1
ZunyiOpen2014	贵州	40	2014	10	5
NanjingAutumn2014	江苏	55	2014	10	18
YanglingOpen2014	陕西	31	2014	11	8
GuangzhouBigCubes2014	广东	40	2014	11	9
BUAAOpen2014	北京	60	2014	11	16
HangzhouWinterOpen2014	浙江	54	2014	11	29
CubeEliteUnionCafe2014	上海	58	2014	12	6
XianWinterOpen2014	陕西	68	2014	12	7
ShenyangOpen2014	辽宁	147	2014	12	14
HsinchuWinterOpen2014	台湾	44	2014	12	14
KaohsiungOpen2014	台湾	34	2014	12	20
XianMoreCoffee2014	陕西	27	2014	12	21
GuangzhouNewYear2015	广东	113	2015	1	1
XianNewYear2015	陕西	36	2015	1	2
DalianOpen2015	辽宁	52	2015	1	25
NanningOpen2015	广西	27	2015	2	7
KaohsiungOpen2015	台湾	37	2015	2	15
BackToCubingHongKong2015	香港	51	2015	2	28
AllIsWell2015	台湾	49	2015	3	7
GuangzhouMoreFun2015	广东	76	2015	3	15
AnHuiUniversityOpen2015	安徽	51	2015	3	29
XianCherryBlossom2015	陕西	118	2015	4	4
MaruCubeKidsDay2015	台湾	74	2015	4	5
ShanghaiFudanSpring2015	上海	77	2015	4	25
TJUOpen2015	天津	71	2015	4	26
WenzhouOpen2015	浙江	66	2015	4	26
NanjingSpring2015	江苏	132	2015	5	1
ChengduOpen2015	四川	63	2015	5	2
CubeOfPrimeNumbers2015	广东	77	2015	5	2
WuhanOpen2015	湖北	48	2015	5	10
ShowOffQuickness2015	台湾	24	2015	5	10
QinhuangdaoOpen2015	河北	71	2015	5	16
HongKongSpring2015	香港	30	2015	5	16
XianSummer2015	陕西	35	2015	5	17
FuzhouOpen2015	福建	45	2015	5	24
ZhengzhouOpen2015	河南	111	2015	5	31
HsinchuSpringOpen2015	台湾	55	2015	5	31
GuangzhouSYSUOpen2015	广东	61	2015	6	6
TaiwanCubingLeague2015	台湾	48	2015	6	13
NanchangOpen2015	江西	65	2015	6	14
TaiwanOpen2015	台湾	118	2015	7	11
ShenzhenOpen2015	广东	98	2015	7	12
HefeiOpen2015	安徽	110	2015	7	17
YangjiangOpen2015	广东	41	2015	7	23
HuizhouOpen2015	广东	74	2015	7	26
HsinchuSummerOpen2015	台湾	49	2015	7	26
QinzhouOpen2015	广西	28	2015	7	29
ShantouOpen2015	广东	105	2015	8	2
MagicRevenge2015	台湾	53	2015	8	2
WuxiOpen2015	江苏	134	2015	8	8
XiningSummerOpen2015	青海	54	2015	8	8
CrossstraitCubing2015	台湾	107	2015	8	15
HongKongSummerCubeDay2015	香港	68	2015	8	22
TwistingFingers2015	台湾	55	2015	8	22
ShanghaiSummerOpen2015	上海	56	2015	8	30
ChinaChampionship2015	广东	513	2015	10	2
BeijingOpen2015	北京	144	2015	10	24
NanjingAutumn2015	江苏	77	2015	10	24
Taichung2015	台湾	47	2015	10	25
WuhanUniversityOpen2015	湖北	74	2015	11	1
ZhenjiangOpen2015	江苏	86	2015	11	7
ZiboOpen2015	山东	95	2015	11	15
BeijingLongEvents2015	北京	8	2015	11	29
ParityOpen2015	广东	38	2015	11	29
XianOpen2015	陕西	73	2015	11	29
TianjinWinterOpen2015	天津	65	2015	12	5
TaipeiOpen2015	台湾	50	2015	12	6
YunnanOpen2015	云南	45	2015	12	13
HeilongjiangOpen2015	黑龙江	76	2015	12	20
TaiwanCubingLeagueKaohsiung2015	台湾	49	2015	12	26
NanchangWinter2015	江西	85	2015	12	27
ShenzhenNewYear2016	广东	108	2016	1	2
XianNewYear2016	陕西	64	2016	1	2
DongguanOpen2016	广东	77	2016	1	31
HsinchuWinterOpen2016	台湾	49	2016	1	31
BigCubesChallenge2016	台湾	55	2016	2	27
Guangzhou3x3Days2016	广东	87	2016	3	5
AllisWell2016	台湾	36	2016	3	12
ShanghaiSpring2016	上海	115	2016	3	19
QingdaoOpen2016	山东	65	2016	3	20
QuietAnHuiUniversity2016	安徽	14	2016	3	27
XianCherryBlossom2016	陕西	104	2016	4	2
HuizhouOpen2016	广东	78	2016	4	3
ShenyangOpen2016	辽宁	315	2016	4	23
NanjingSpring2016	江苏	146	2016	4	30
ChengduOpen2016	四川	103	2016	5	1
TaichungCubeOpen2016	台湾	53	2016	5	1
TangshanOpen2016	河北	103	2016	5	8
XiamenOpen2016	福建	97	2016	5	8
XianSummer2016	陕西	56	2016	5	8
ShanghaiSongjiangOpen2016	上海	129	2016	5	14
WeihaiOpen2016	山东	94	2016	5	15
OneNightinBeijing2016	北京	157	2016	5	28
TaiwanBlindDay2016	台湾	15	2016	5	29
FuzhouOpen2016	福建	91	2016	6	5
TaiyuanOpen2016	山西	65	2016	6	5
CubeofOddNumbers2016	河南	179	2016	6	18
SuzhouOpen2016	江苏	151	2016	7	2
ChangchunOpen2016	吉林	69	2016	7	3
MaruCubeDay2016	台湾	132	2016	7	9
NanchangOpen2016	江西	78	2016	7	10
HefeiOpen2016	安徽	167	2016	7	15
ChongqingOpen2016	重庆	125	2016	7	16
HappyCubingTaiwan2016	台湾	56	2016	7	24
XiningSummerOpen2016	青海	68	2016	7	31
JinhuaOpen2016	浙江	134	2016	8	6
LinyiOpen2016	山东	91	2016	8	7
ShantouOpen2016	广东	123	2016	8	7
CrossstraitCubing2016	广东	203	2016	8	13
XianOpen2016	陕西	136	2016	8	13
YangzhouOpen2016	江苏	116	2016	8	17
ACARO2016	香港	117	2016	8	20
KaohsiungOpen2016	台湾	47	2016	9	25
AsianChampionship2016	北京	955	2016	10	1
NanjingAutumn2016	江苏	132	2016	10	16
TKKOpen2016	福建	96	2016	10	16
TaiwanChampionship2016	台湾	143	2016	10	29
ShanghaiWinterisComing2016	上海	150	2016	11	5
WuhanOpen2016	湖北	89	2016	11	6
ZiboOpen2016	山东	132	2016	11	6
TianjinOpen2016	天津	100	2016	11	12
HangzhouAutumn2016	浙江	165	2016	11	19
TaiyuanWinterOpen2016	山西	76	2016	11	20
ZhenjiangOpen2016	江苏	112	2016	11	20
XJTUOpen2016	陕西	110	2016	11	27
BignBlind2016	广东	71	2016	12	11
NanchangWinter2016	江西	81	2016	12	11
ShenyangWinter2016	辽宁	138	2016	12	11
WeifangWinter2016	山东	97	2016	12	11
KaohsiungWinterOpen2016	台湾	47	2016	12	17
QuanzhouOpen2016	福建	98	2016	12	18
ShenzhenNewYear2017	广东	98	2017	1	1
XianNewYear2017	陕西	112	2017	1	2
DongguanOpen2017	广东	96	2017	1	22
TaipeiOpen2017	台湾	64	2017	2	11
HongKongCubeDay2017	香港	168	2017	2	25
AnhuiUniversitySmartOpen2017	安徽	65	2017	3	11
ShanghaiSpring2017	上海	142	2017	3	18
WuhanChuyunSpring2017	湖北	87	2017	3	19
ZUAOpen2017	河南	179	2017	3	25
GDSYOpen2017	广东	139	2017	3	26
QingdaoPrimeNumbers2017	山东	103	2017	3	26
XianCherryBlossom2017	山西	214	2017	4	2
AllisWell2017	台湾	47	2017	4	8
ZhangzhouSpring2017	福建	72	2017	4	9
NanchangSpring2017	江西	112	2017	4	15
GuangzhouSCUT2017	广东	99	2017	4	22
LanzhouSpring2017	甘肃	75	2017	4	22
ChengduOpen2017	四川	139	2017	4	29
NanjingSpring2017	江苏	201	2017	4	30
WeihaiOpen2017	山东	138	2017	4	30
WenzhouOpen2017	浙江	74	2017	4	30
ChangshaXiangmo2017	湖南	81	2017	5	6
TaiyuanOpen2017	山西	87	2017	5	7
ShenyangSpring2017	辽宁	232	2017	5	13
NanningOpen2017	广西	72	2017	5	14
XiamenOpen2017	福建	93	2017	5	14
ShanghaiLoveInECNU2017	上海	145	2017	5	20
WuhanNxNOpen2017	湖北	119	2017	5	20
HuaibeiOpen2017	安徽	44	2017	5	21
FuzhouOpen2017	福建	114	2017	5	28
TangshanOpen2017	河北	111	2017	5	28
ZhuhaiOpen2017	广东	137	2017	5	29
HKSideEventDay2017	香港	50	2017	6	3
TaiwanBlindDay2017	台湾	20	2017	6	4
ZUSTOpen2017	浙江	127	2017	6	10
LuoyangOpen2017	河南	101	2017	6	11
MaomingOpen2017	广东	90	2017	6	11
KaohsiungSummerOpen2017	台湾	47	2017	6	11
ChaozhouOpen2017	广东	53	2017	6	18
BeijingOpen2017	北京	280	2017	6	24
QuanzhouOpen2017	福建	113	2017	7	2
ChangshuOpen2017	江苏	102	2017	7	8
LongyanSummerOpen2017	福建	79	2017	7	9
MaruCubeDay2017	台湾	119	2017	7	15
ChinaChampionship2017	陕西	566	2017	7	28
LanyangOpen2017	台湾	49	2017	7	29
InnerMongoliaSummer2017	内蒙古	158	2017	8	5
WuxiOpen2017	江苏	132	2017	8	5
CoconutIslandOpen2017	海南	101	2017	8	6
CrossstraitCubing2017	台湾	127	2017	8	12
NingxiaOpen2017	宁夏	75	2017	8	13
QuanzhouSideEvent2017	福建	120	2017	8	19
ShantouOpen2017	广东	145	2017	8	20
YangzhouOpen2017	江苏	346	2017	8	20
HongKongOpen2017	香港	165	2017	8	26
KaohsiungAutumnOpen2017	台湾	48	2017	9	10
SuzhouOpen2017	江苏	115	2017	9	16
BeijingTenYearsOpen2017	北京	194	2017	9	17
XuchangOpen2017	河南	83	2017	9	24
China10years2017	广东	600	2017	10	1
HefeiOpen2017	安徽	194	2017	10	5
YunnanOpen2017	云南	55	2017	10	7
XPUOpen2017	陕西	105	2017	10	14
HUSTSpecialCubesOpen2017	湖北	56	2017	10	15
TaiyuanAutumn2017	山西	114	2017	10	15
XiamenAutumn2017	福建	103	2017	10	15
ZhanjiangOpen2017	广东	70	2017	10	22
GuilinOpen2017	广西	70	2017	10	29
NanjingAutumn2017	江苏	136	2017	11	4
ZhongshanOpen2017	广东	319	2017	11	4
FuzhouAutumn2017	福建	82	2017	11	5
NanchangOpen2017	江西	111	2017	11	11
HDUOpen2017	浙江	134	2017	11	18
JinanOpen2017	山东	111	2017	11	18
TKKOpen2017	福建	102	2017	11	19
JiaozuoOpen2017	河南	214	2017	11	25
WHURubiksCubeDays2017	湖北	140	2017	11	25
ShijiazhuangOpen2017	河北	114	2017	11	26
DalianWinter2017	辽宁	114	2017	12	3
ShenzhenOpen2017	广东	111	2017	12	3
TaiwanChampionship2017	台湾	115	2017	12	8
BignBlind2017	广东	82	2017	12	10
ZhenjiangOpen2017	江苏	137	2017	12	10
HeilongjiangCollegesOpen2017	黑龙江	136	2017	12	17
ZiboOpen2017	山东	111	2017	12	23
ChongqingOpen2017	重庆	162	2017	12	30
JinhuaNewYearsDay2018	浙江	134	2018	1	1
XianNewYear2018	陕西	190	2018	1	1
ShanghaiWinter2018	上海	154	2018	1	20
FushunOpen2018	辽宁	114	2018	1	28
CubingTainan2018	台湾	62	2018	1	28
InnerMongoliaWinter2018	内蒙古	122	2018	2	3
HsinchuWinterOpen2018	台湾	72	2018	2	4
YangjiangOpen2018	广东	88	2018	2	10
DongguanOpen2018	广东	155	2018	3	4
KaohsiungSpringOpen2018	台湾	40	2018	3	11
HangzhouSpring2018	浙江	141	2018	3	17
GDSYOpen2018	广东	250	2018	3	24
HubeiUniversityShahuSpring2018	湖北	107	2018	3	25
QingdaoOpen2018	山东	110	2018	3	25
MoreThanOneCube2018	上海	39	2018	3	31
CrossstraitCubingExchange2018	广东	176	2018	4	6
XianCherryBlossom2018	陕西	302	2018	4	6
AllisWell2018	台湾	35	2018	4	14
LuoyangSpring2018	河南	102	2018	4	15
KunshanOpen2018	江苏	141	2018	4	21
LanzhouOpen2018	甘肃	73	2018	4	22
QinhuangdaoOpen2018	河北	120	2018	4	22
ChangshaXiangmo2018	湖南	106	2018	4	29
ChengduOpen2018	四川	181	2018	4	29
BeijingOpen2018	北京	438	2018	4	30
GuangdongOpen2018	广东	284	2018	4	30
NanjingSpring2018	江苏	335	2018	4	30
NanchangSummerIsComing2018	江西	126	2018	5	5
YouMayOpen2018	安徽	73	2018	5	6
FujianChampionship2018	福建	123	2018	5	12
WeihaiOpen2018	山东	186	2018	5	12
ShanghaiLoveinECNU2018	上海	158	2018	5	19
ZHBITOpen2018	广东	82	2018	5	20
TaiwanBlindDay2018	台湾	19	2018	5	20
HUSTOpen2018	湖北	111	2018	5	26
DalianOpen2018	辽宁	140	2018	5	27
CKCubingParty2018	台湾	73	2018	5	27
LishuiUniversityOpen2018	浙江	136	2018	6	2
ZhongshanChildrensCubeDay2018	广东	174	2018	6	2
HarbinOpen2018	黑龙江	134	2018	6	9
GuilinOpen2018	广西	112	2018	6	10
ShijiazhuangOpen2018	河北	150	2018	6	10
NanchangDragonboatOpen2018	江西	95	2018	6	17
TangshanOpen2018	河北	80	2018	6	17
XuzhouOpen2018	江苏	135	2018	6	17
ChangchunOpen2018	吉林	102	2018	6	18
ShenyangOpen2018	辽宁	328	2018	6	23
TianjinSummerOpen2018	天津	177	2018	6	24
PleaseBeQuietBeijing2018	北京	45	2018	6	30
SJTUOpen2018	上海	112	2018	6	30
MaruX2018	台湾	153	2018	6	30
HuizhouOpen2018	广东	72	2018	7	1
LinfenOpen2018	山西	112	2018	7	8
NanchangMediumnSmallCubes2018	江西	91	2018	7	8
HefeiSummer2018	安徽	201	2018	7	14
WuxiTrytoGetaMean2018	江苏	77	2018	7	14
ZhangzhouOpen2018	福建	88	2018	7	14
BaojiOpen2018	陕西	92	2018	7	21
ShenzhenOpen2018	广东	275	2018	7	21
NanningOpen2018	广西	138	2018	7	28
BeijingSummer2018	北京	324	2018	7	29
LongyanOpen2018	福建	105	2018	8	5
MeizhouOpen2018	广东	109	2018	8	5
NingxiaOpen2018	宁夏	78	2018	8	5
ShenyangSummer2018	辽宁	186	2018	8	5
SuzhouOpen2018	江苏	117	2018	8	5
JieyangOpen2018	广东	89	2018	8	12
AsianChampionship2018	台湾	346	2018	8	17
QianjiangSummerOpen2018	湖北	117	2018	8	25
ZhanjiangOpen2018	广东	82	2018	8	26
JiujiangOpen2018	江西	63	2018	9	8
ZhongshanNxNSpeedcubing2018	广东	113	2018	9	9
QuanzhouOpen2018	福建	94	2018	9	16
DongguanMidAutumnFestival2018	广东	107	2018	9	22
WuhanUniversityOpen2018	湖北	76	2018	9	22
ChinaChampionship2018	北京	539	2018	10	2
YunnanOpen2018	云南	79	2018	10	6
KaohsiungAutumnOpen2018	台湾	75	2018	10	7
NingboOpen2018	浙江	116	2018	10	13
LanzhouAutumn2018	甘肃	78	2018	10	14
WuxiAutumn2018	江苏	112	2018	10	20
WITOpen2018	湖北	89	2018	10	21
XianOpen2018	陕西	187	2018	10	27
ShantouOpen2018	广东	85	2018	10	28
HangzhouOpen2018	浙江	185	2018	11	10
MaomingOpen2018	广东	55	2018	11	11
NanjingAutumn2018	江苏	110	2018	11	17
ShenzhenNanshan2018	广东	138	2018	11	18
TaipeiWinterOpen2018	台湾	97	2018	11	18
ChengduWinterOpen2018	四川	133	2018	11	24
FuzhouOpen2018	福建	118	2018	11	24
WuhuOpen2018	安徽	135	2018	11	24
XuzhouWinter2018	江苏	126	2018	11	24
ZiboOpen2018	山东	142	2018	12	1
QinhuangdaoWinter2018	河北	109	2018	12	2
ZhengzhouOpen2018	河南	124	2018	12	2
ChongqingOpen2018	重庆	201	2018	12	8
BignBlindGuangzhou2018	广东	77	2018	12	9
PKU2018	北京	33	2018	12	9
WHUTOpen2018	湖北	81	2018	12	9
XiamenOpen2018	福建	74	2018	12	9
WenzhouOpen2018	浙江	90	2018	12	15
TaiwanChampionship2018	台湾	134	2018	12	15
ShijiazhuangWinter2018	河北	169	2018	12	16
MudanjiangOpen2018	黑龙江	117	2018	12	22
TaiyuanWinter2018	山西	161	2018	12	22
SJTUWinterOpen2018	上海	168	2018	12	30
BeijingWinter2018	北京	225	2018	12	31
DongguanOpen2019	广东	114	2019	1	13
YangjiangOpen2019	广东	36	2019	1	19
InnerMongoliaWinter2019	内蒙古	109	2019	1	26
HongKongCubeDay2019	香港	150	2019	1	26
TaipeiPeaceOpen2019	台湾	84	2019	1	26
JieyangWinter2019	广东	100	2019	1	27
ShenyangNewYear2019	辽宁	140	2019	1	27
TaichungCubingOpen2019	台湾	98	2019	2	16
Shenzhen3x3Days2019	广东	140	2019	3	2
XianyangOpen2019	陕西	135	2019	3	3
ZhuyuangangOpen2019	台湾	77	2019	3	16
GDSYOpen2019	广东	270	2019	3	23
HefeiSpring2019	安徽	188	2019	3	23
FuzhouSpring2019	福建	101	2019	3	24
WuhanChuyunSpring2019	湖北	95	2019	3	24
QingdaoSpring2019	山东	114	2019	3	31
TaipeiAlmostWithoutNxN2019	台湾	51	2019	3	31
AnyangOpen2019	河南	118	2019	4	6
QinhuangdaoOpen2019	河北	120	2019	4	6
WeihaiOpen2019	山东	189	2019	4	6
YanchengSpring2019	江苏	121	2019	4	6
FMCShanghai2019	上海	19	2019	4	13
XianCherryBlossom2019	陕西	230	2019	4	13
ChangshaSpringOpen2019	湖南	81	2019	4	14
KunshanOpen2019	江苏	148	2019	4	20
NanchangOpen2019	江西	102	2019	4	20
ShanghaiMemoryNightmare2019	上海	25	2019	4	20
DalianSpring2019	辽宁	141	2019	4	21
DongguanSpring2019	广东	113	2019	4	21
PekingUniversitySpring2019	北京	46	2019	4	21
HCHS10thAnniversary2019	台湾	77	2019	4	21
WuhuOpen2019	安徽	94	2019	4	27
ChengduOpen2019	四川	183	2019	5	1
GuiyangOpen2019	贵州	163	2019	5	1
XuzhouSpring2019	江苏	143	2019	5	1
WuhanOpen2019	湖北	141	2019	5	2
XiamenOpen2019	福建	76	2019	5	4
AllisWellTainan2019	台湾	47	2019	5	5
LanzhouSpring2019	甘肃	101	2019	5	11
HangzhouOpen2019	浙江	151	2019	5	18
HengyangOpen2019	湖南	76	2019	5	18
AHAUOpen2019	安徽	86	2019	5	19
TangshanOpen2019	河北	79	2019	5	19
ZHBITOpen2019	广东	61	2019	5	19
KunmingOpen2019	云南	66	2019	5	26
ZhengzhouOpen2019	河南	97	2019	5	26
ChienKuoCubingParty2019	台湾	145	2019	5	26
ZhongshanChildrensDay2019	广东	370	2019	6	1
BeijingSummer2019	北京	295	2019	6	7
GuilinOpen2019	广西	109	2019	6	8
PleaseBeQuietBeijing2019	北京	15	2019	6	15
SpecialPuzzlesinGuangzhou2019	广东	62	2019	6	16
HefeiSummer2019	安徽	104	2019	6	22
MaomingOpen2019	广东	69	2019	6	30
ShenyangOpen2019	辽宁	354	2019	6	30
ShijiazhuangOpen2019	河北	173	2019	6	30
MaruCubeDay2019	台湾	191	2019	7	6
LinfenOpen2019	山西	152	2019	7	7
HuzhouOpen2019	浙江	161	2019	7	13
HezeOpen2019	山东	186	2019	7	21
LongyanOpen2019	福建	89	2019	7	21
MeizhouOpen2019	广东	94	2019	7	21
ChinaChampionship2019	安徽	885	2019	7	26
TaizhouOpen2019	浙江	109	2019	8	3
DongguanSummer2019	广东	124	2019	8	4
SuzhouOpen2019	江苏	123	2019	8	4
WuxiOpen2019	江苏	112	2019	8	10
BaojiOpen2019	陕西	129	2019	8	11
JieyangOpen2019	广东	114	2019	8	11
UrumqiOpen2019	新疆	135	2019	8	17
NingxiaOpen2019	宁夏	112	2019	8	18
ZhanjiangOpen2019	广东	93	2019	8	18
Shenzhen10thAnniversary2019	广东	446	2019	8	24
Xian10thAnniversary2019	陕西	217	2019	8	24
QuanzhouOpen2019	福建	96	2019	8	25
MatsuOpen2019	台湾	17	2019	9	7
DreamOneCubeOpen2019	台湾	139	2019	9	15
ShenzhenOpen2019	广东	266	2019	9	21
XinxiangOpen2019	河南	112	2019	9	22
ShandongOpen2019	山东	345	2019	10	4
XiamenAutumn2019	福建	97	2019	10	6
YunnanOpen2019	云南	93	2019	10	6
CrossstraitCubingExchange2019	台湾	108	2019	10	12
WuhanAutumn2019	湖北	106	2019	10	13
NanningOpen2019	广西	78	2019	10	19
ShanghaiOpen2019	上海	177	2019	10	19
LuoyangOpen2019	河南	91	2019	10	20
TianjinAutumn2019	天津	110	2019	10	20
ChangshaAutumn2019	湖南	108	2019	10	26
LanyangOpen2019	台湾	46	2019	10	26
LanzhouAutumn2019	甘肃	81	2019	10	27
ZhongshanNxNSpeedcubing2019	广东	109	2019	10	27
NanjingAutumn2019	江苏	111	2019	11	3
ChengduWinter2019	四川	127	2019	11	9
HangzhouAutumn2019	浙江	259	2019	11	9
KaohsiungAutumnOpen2019	台湾	83	2019	11	16
ZiboOpen2019	山东	143	2019	11	17
EzhouOpen2019	湖北	61	2019	11	23
XuzhouWinter2019	江苏	113	2019	11	24
XiamenWinter2019	福建	112	2019	12	1
BeijingWinter2019	北京	331	2019	12	7
BignBlindGuangzhou2019	广东	87	2019	12	8
WuxiWinter2019	江苏	145	2019	12	8
TaiwanChampionship2019	台湾	207	2019	12	13
NEUOpen2019	辽宁	219	2019	12	15
NingboFootsteps2019	浙江	39	2019	12	15
NanchangWinter2019	江西	110	2019	12	21
ShaoxingOpen2019	浙江	185	2019	12	21
HarbinOpen2019	黑龙江	138	2019	12	22
TaiyuanWinter2019	山西	90	2019	12	22
XianNewYear2020	陕西	176	2020	1	1
OrdosWinter2020	内蒙古	92	2020	1	11
JieyangWinter2020	广东	106	2020	1	19
PingtungCubingOpen2020	台湾	55	2020	2	1
ZhuyuangangOpen2020	台湾	116	2020	2	29
ShenzhenGoodAfternoon2020	广东	48	2020	11	15
ShenzhenGoodMorning2020	广东	48	2020	11	15
Guangzhou3x3BLDandFMC2020	广东	28	2020	12	12
GuangzhouGoodAfternoon2020	广东	67	2020	12	13
GuangzhouGoodMorning2020	广东	65	2020	12	13
